Actual_Rewards,Predicted_Rewards
0.9472078740571198,0.1369978058391932
0.7856439641833761,0.23167339749034488
0.0036437558294200034,0.9778529799543039
0.911574657739348,0.2940518150482213
0.5790109495149656,0.6349261690471562
0.4197295934838451,0.9722547098361457
0.24436423211911518,0.552341213716708
0.38308173698334813,0.2129884678518048
0.49882094951483236,0.9218541631608551
0.9757217708148471,0.4984243001957518
