Actual_Rewards,Predicted_Rewards
2.710208674118771,-1073741830.9383001
